,date,time,latitude,longitude,depth,magnitude,magnitude_type
0,2017-08-07,00:01:50.450000,36.9947,27.3735,11000.0,2.3,MLh
1,2014-10-08,00:02:04.880000,36.9848,27.3962,29100.0,2.4,MLh
2,2012-07-13,00:02:35.940000,36.8168,27.4238,15500.0,2.1,MLh
3,2018-01-28,00:03:32.140000,36.929,27.339,10800.0,2.6,MLh
4,2017-08-10,00:04:04.220000,36.8868,27.343,11800.0,2.8,MLh
5,2017-09-08,00:06:43.590000,36.9193,27.5985,10900.0,2.5,MLh
6,2017-07-21,00:11:09.737895,36.92871094,27.37792969,16914.71354,3.615704289,MLh
7,2018-03-10,00:15:35.040000,36.9427,27.3562,12600.0,2.1,MLh
8,2017-08-01,00:16:40.660000,36.8918,27.3643,9100.0,3.1,MLh
9,2017-07-21,00:16:42.360000,36.9507,27.3535,13000.0,4.0,MLh
10,2017-08-09,00:17:28.480000,36.926,27.575,11100.0,2.9,MLh
11,2018-05-18,00:20:42.890000,36.9437,27.5252,16200.0,2.0,MLh
12,2012-09-03,00:25:20.190000,36.9882,27.4912,30500.0,2.7,MLh
13,2012-06-30,00:28:47.820000,36.9973,27.4132,25700.0,2.6,MLh
14,2017-08-07,00:28:57.600000,36.9135,27.496,11100.0,3.1,MLh
15,2017-07-29,00:29:22.400000,36.9532,27.598,17000.0,3.4,MLh
16,2017-09-08,00:30:01.903796,36.88476562,27.33398438,13355.46875,2.424531075,MLh
17,2017-07-21,00:30:21.169428,36.95800781,27.55371094,16389.97396,3.478513331,MLh
18,2017-07-21,00:33:35.270000,36.9155,27.5697,13100.0,4.0,MLh
19,2017-07-26,00:34:09.920000,36.9683,27.5815,12100.0,3.2,MLh
20,2017-11-12,00:37:42.170000,36.9293,27.5972,15000.0,2.7,MLh
21,2017-09-11,00:45:52.220000,36.9568,27.3858,10100.0,2.8,MLh
22,2017-08-11,00:47:25.760000,36.9287,27.3882,11800.0,3.4,MLh
23,2017-07-30,00:47:25.850000,36.985,27.5427,19300.0,2.6,MLh
24,2014-08-14,00:47:42.190000,36.8857,27.5393,29900.0,2.8,MLh
25,2017-07-21,00:53:47.890000,36.9848,27.4012,10900.0,3.9,MLh
26,2017-07-21,00:57:08.200000,36.8823,27.5988,17600.0,3.8,MLh
27,2017-08-06,00:58:15.311347,36.95800781,27.55371094,18246.74479,2.529674272,MLh
28,2018-01-29,00:59:18.280000,36.9663,27.3593,8200.0,3.4,MLh
29,2014-03-29,01:06:39.920000,36.9895,27.4123,26900.0,2.9,MLh
30,2017-08-19,01:07:07.100000,36.9427,27.3378,12300.0,3.2,MLh
31,2017-08-13,01:08:27.580000,36.9022,27.5995,10600.0,3.5,MLh
32,2017-07-25,01:13:16.410000,36.9433,27.5475,10500.0,2.8,MLh
33,2017-08-09,01:13:43.280000,36.9273,27.3802,10500.0,2.8,MLh
34,2017-07-21,01:17:10.480000,36.9408,27.5895,12300.0,3.7,MLh
35,2014-08-25,01:18:50.070000,36.9023,27.4347,25700.0,2.2,MLh
36,2018-03-04,01:24:29.440000,36.9278,27.5735,11000.0,2.7,MLh
37,2017-07-21,01:25:34.870000,36.9748,27.4237,12800.0,4.0,MLh
38,2013-09-25,01:26:32.530000,36.8135,27.4298,26900.0,2.5,MLh
39,2014-03-27,01:26:33.640000,36.9755,27.3965,25100.0,2.4,MLh
40,2017-09-04,01:29:13.220000,36.9468,27.5968,14500.0,2.5,MLh
41,2017-09-05,01:29:17.160000,36.9237,27.3692,11500.0,2.5,MLh
42,2016-08-16,01:30:45.700000,36.9715,27.323,32600.0,3.0,MLh
43,2017-07-21,01:30:53.189131,36.87011719,27.58300781,17318.35938,3.531789685,MLh
44,2017-10-20,01:34:14.187251,36.95800781,27.58300781,20022.78646,2.511763271,MLh
45,2018-06-07,01:37:36.890000,36.9715,27.3992,14500.0,2.1,MLh
46,2017-07-21,01:38:50.090000,36.921,27.576,11200.0,4.4,MLh
47,2013-12-03,01:39:29.160000,36.802,27.4578,31000.0,2.6,MLh
48,2017-07-30,01:41:06.200000,36.9363,27.3838,11600.0,3.0,MLh
49,2016-10-11,01:42:28.180000,36.9913,27.3518,34500.0,2.2,MLh
50,2017-07-21,01:50:31.680000,36.9612,27.3767,16100.0,4.1,MLh
51,2017-07-28,01:52:10.776343,36.94335938,27.33398438,16095.05208,2.496729737,MLh
52,2012-02-13,01:52:43.860000,36.8113,27.3458,28400.0,2.5,MLh
53,2017-07-21,01:54:47.550000,36.9453,27.378,11200.0,4.1,MLh
54,2018-03-02,01:55:28.600000,36.876,27.5653,18000.0,2.7,MLh
55,2017-08-18,01:56:41.893921,36.97723389,27.51617432,32491.90267,2.79586824,MLh
56,2017-07-22,01:56:47.930000,36.9605,27.4142,11100.0,3.0,MLh
57,2017-12-05,01:57:23.310000,36.9565,27.3247,14300.0,2.9,MLh
58,2011-07-14,01:57:31.570000,36.9163,27.2967,29900.0,2.7,MLh
59,2014-04-11,01:57:54.050000,37.0,27.4333,28600.0,3.0,MLh
60,2014-04-20,02:04:22.590000,36.8807,27.4788,25500.0,2.2,MLh
61,2014-05-26,02:05:07.280000,36.9875,27.4162,35100.0,1.9,MLh
62,2017-08-06,02:05:24.207529,36.95800781,27.34863281,17600.91146,2.669628996,MLh
63,2017-11-07,02:06:52.250000,36.8282,27.3432,11600.0,3.6,MLh
64,2018-05-24,02:12:22.720000,36.9477,27.3248,12900.0,2.8,MLh
65,2017-07-21,02:12:35.230000,36.8803,27.3777,7700.0,4.5,MLh
66,2017-07-23,02:15:44.830000,36.9883,27.5972,5700.0,2.7,MLh
67,2017-07-25,02:17:16.330000,36.896,27.5038,13500.0,3.1,MLh
68,2017-07-29,02:20:00.480000,36.9035,27.54,11500.0,2.8,MLh
69,2012-05-18,02:25:53.350000,36.8488,27.5748,29000.0,3.3,MLh
70,2017-07-27,02:27:09.330000,36.9108,27.308,11700.0,2.7,MLh
71,2017-08-18,02:28:43.560000,36.903,27.5653,14600.0,2.9,MLh
72,2017-07-30,02:29:13.590000,36.9162,27.3917,19800.0,2.9,MLh
73,2011-07-10,02:32:49.050000,36.8448,27.5157,36700.0,2.5,MLh
74,2017-07-24,02:38:19.169879,36.89941406,27.49511719,18731.11979,2.628050612,MLh
75,2015-07-03,02:41:54.890000,36.8078,27.469,15300.0,2.5,MLh
76,2017-10-21,02:45:01.830000,36.9307,27.5882,14500.0,3.7,MLh
77,2017-09-11,02:47:20.951816,36.95343018,27.58392334,17032.02311,1.704929526,MLh
78,2015-08-31,02:49:21.460000,36.8438,27.3135,14200.0,2.3,MLh
79,2016-11-11,02:51:51.710000,36.9718,27.3877,15300.0,3.1,MLh
80,2017-07-21,02:54:27.580000,36.9552,27.541,8900.0,3.4,MLh
81,2017-07-22,02:56:10.340000,36.9618,27.341,14300.0,3.2,MLh
82,2017-08-08,03:00:24.016953,36.98730469,27.58300781,20789.71354,2.618809696,MLh
83,2014-08-12,03:01:17.180000,36.9652,27.3707,28200.0,2.6,MLh
84,2017-08-06,03:04:06.298091,36.98730469,27.52441406,19498.04688,2.627736682,MLh
85,2012-05-21,03:09:12.980000,36.9905,27.5737,33400.0,2.0,MLh
86,2017-07-21,03:09:35.730000,36.969,27.5395,7100.0,3.6,MLh
87,2017-07-27,03:11:03.890000,36.9583,27.363,10100.0,2.6,MLh
88,2017-07-24,03:11:15.630000,36.9255,27.5987,10700.0,2.7,MLh
89,2012-05-21,03:11:17.130000,36.9837,27.531,29600.0,2.0,MLh
90,2017-07-21,03:13:59.630000,36.9418,27.525,8200.0,3.2,MLh
91,2013-10-30,03:17:12.630000,36.8787,27.5458,30400.0,3.7,MLh
92,2017-08-08,03:20:52.382513,36.97265625,27.59765625,17257.8125,3.02217618,MLh
93,2014-11-10,03:21:28.070000,36.8182,27.3168,18500.0,2.5,MLh
94,2013-10-30,03:22:03.540000,36.868,27.5073,32600.0,3.6,MLh
95,2017-09-16,03:23:06.208379,36.8671875,27.3203125,18662.76042,2.631700064,MLh
96,2014-08-16,03:23:28.790000,36.9957,27.3738,33200.0,2.3,MLh
97,2017-07-21,03:24:41.380000,36.9062,27.456,11400.0,3.1,MLh
98,2017-08-14,03:28:28.510000,36.9477,27.357,11900.0,3.1,MLh
99,2017-07-23,03:32:18.100000,36.9477,27.5868,9400.0,3.5,MLh
100,2017-07-30,03:42:39.130931,36.96807861,27.36968994,11669.55566,2.698953639,MLh
101,2017-07-23,03:45:33.870000,36.9305,27.5607,12600.0,1.8,MLh
102,2014-03-29,03:50:03.280000,36.951,27.3703,26100.0,2.5,MLh
103,2017-07-22,03:53:54.670000,36.9015,27.4712,10200.0,2.8,MLh
104,2017-07-21,03:55:33.560000,36.9415,27.5603,10300.0,3.5,MLh
105,2017-10-11,03:59:55.531485,36.92871094,27.55371094,29992.83854,3.295778188,MLh
106,2017-07-27,04:00:04.510000,36.9318,27.552,13500.0,2.8,MLh
107,2014-08-15,04:00:17.700000,36.9978,27.4093,28000.0,3.9,MLh
108,2014-10-01,04:02:55.660000,36.9598,27.3463,25900.0,2.4,MLh
109,2018-05-01,04:03:49.280000,36.9203,27.5995,6600.0,3.9,MLh
110,2015-01-27,04:04:52.370000,36.8823,27.2747,15000.0,2.3,MLh
111,2018-06-04,04:07:49.237714,36.82342529,27.2177124,7162.801107,2.773945589,MLh
112,2018-01-20,04:08:45.200000,36.9538,27.436,16900.0,2.5,MLh
113,2017-08-23,04:09:39.023891,36.92871094,27.49511719,17936.84896,2.962264174,MLh
114,2014-08-15,04:14:55.720000,36.9528,27.324,23000.0,2.3,MLh
115,2011-04-25,04:18:33.780000,36.9085,27.527,32600.0,2.6,MLh
116,2017-07-22,04:28:20.610000,36.9558,27.353,13800.0,2.9,MLh
117,2014-02-14,04:28:48.250000,36.8178,27.4013,28100.0,3.2,MLh
118,2013-10-30,04:29:08.400000,36.8773,27.5163,32200.0,2.4,MLh
119,2017-07-30,04:29:21.350000,36.9017,27.5763,16200.0,2.6,MLh
120,2017-07-21,04:39:25.220000,36.9122,27.5922,12100.0,3.7,MLh
121,2012-05-18,04:46:23.150000,36.8387,27.5453,29400.0,2.7,MLh
122,2017-09-02,04:59:49.275552,36.84082031,27.34863281,35979.81771,3.234804184,MLh
123,2017-07-22,05:02:49.540000,36.893,27.598,13400.0,3.4,MLh
124,2017-07-21,05:04:01.460000,36.9148,27.5927,12300.0,4.4,MLh
125,2014-08-19,05:15:51.510000,36.9958,27.3698,30000.0,3.1,MLh
126,2014-03-29,05:25:34.540000,36.9292,27.3015,11900.0,2.6,MLh
127,2017-07-21,05:26:56.638723,36.98730469,27.43652344,13362.63021,3.204848328,MLh
128,2017-07-26,05:28:05.090000,36.956,27.5777,10700.0,2.7,MLh
129,2017-07-22,05:28:13.460000,36.9267,27.5617,10100.0,3.3,MLh
130,2017-07-22,05:31:18.930000,36.989,27.3673,10500.0,3.6,MLh
131,2016-08-03,05:31:24.870000,36.8498,27.422,35800.0,2.8,MLh
132,2017-07-28,05:36:52.930000,36.93,27.5995,11900.0,2.7,MLh
133,2017-07-21,05:43:01.320000,36.9013,27.461,5800.0,3.5,MLh
134,2015-01-05,05:48:57.190000,36.8703,27.5012,11600.0,2.8,MLh
135,2017-07-21,05:52:13.760000,36.9942,27.348,9500.0,3.9,MLh
136,2017-07-26,05:53:22.770000,36.9537,27.3892,11600.0,2.6,MLh
137,2017-11-22,05:55:05.720000,36.9397,27.4855,7100.0,2.6,MLh
138,2017-07-23,06:03:09.120000,36.9108,27.5683,13400.0,3.1,MLh
139,2017-07-22,06:10:06.210000,36.9425,27.5668,9400.0,2.9,MLh
140,2017-08-29,06:20:08.320000,36.9348,27.3508,12400.0,3.7,MLh
141,2017-07-21,06:27:58.375516,36.89941406,27.49511719,18852.21354,3.256176007,MLh
142,2012-06-08,06:46:04.330000,36.983,27.5733,33300.0,3.0,MLh
143,2017-07-21,06:47:23.790000,36.8748,27.544,26500.0,3.7,MLh
144,2017-07-24,06:48:09.870424,36.92871094,27.52441406,19982.42188,2.808184588,MLh
145,2011-07-12,06:58:54.530000,36.8295,27.443,28600.0,3.1,MLh
146,2017-07-24,06:59:26.700000,36.9437,27.5772,17500.0,2.9,MLh
147,2011-07-12,07:00:35.430000,36.8185,27.4368,29300.0,2.7,MLh
148,2017-09-12,07:00:49.150000,36.9462,27.2478,13900.0,2.8,MLh
149,2017-07-21,07:05:25.530000,36.903,27.4985,15800.0,3.7,MLh
150,2017-07-30,07:06:17.930000,36.9673,27.5863,8700.0,3.6,MLh
151,2011-07-12,07:08:43.100000,36.8177,27.4678,28000.0,2.3,MLh
152,2017-07-21,07:11:27.890000,36.9322,27.5602,11900.0,3.6,MLh
153,2017-07-21,07:13:51.930000,36.9238,27.4633,14500.0,3.4,MLh
154,2014-04-15,07:17:07.670000,36.9993,27.4852,18300.0,2.3,MLh
155,2014-04-18,07:17:19.020000,36.9867,27.3897,26700.0,2.7,MLh
156,2017-07-23,07:22:56.040000,36.9557,27.3455,13400.0,2.6,MLh
157,2017-10-16,07:23:49.954616,36.92871094,27.29003906,19134.76562,3.473569842,MLh
158,2017-07-22,07:27:20.930000,36.9445,27.3313,16800.0,3.0,MLh
159,2016-11-05,07:35:49.520000,36.9933,27.393,9900.0,3.3,MLh
160,2014-08-16,07:37:59.670000,36.9983,27.3617,27500.0,3.0,MLh
161,2017-08-31,07:38:06.918741,36.9140625,27.3046875,24119.79167,3.367498405,MLh
162,2014-04-07,07:41:59.950000,36.9995,27.4695,30100.0,2.8,MLh
163,2017-07-21,07:47:19.004518,36.89941406,27.46582031,11586.58854,3.319433639,MLh
164,2012-05-20,07:52:58.140000,36.8597,27.5518,28100.0,2.5,MLh
165,2017-07-22,07:53:12.560000,36.9768,27.5182,12000.0,3.2,MLh
166,2017-08-08,07:53:24.440000,36.9872,27.5775,8400.0,3.3,MLh
167,2017-07-29,08:00:35.298035,36.94335938,27.50976562,30053.38542,3.080250658,MLh
168,2013-10-13,08:01:03.870000,36.8752,27.439,21700.0,2.6,MLh
169,2015-05-29,08:02:51.960000,36.8433,27.5618,45200.0,4.1,MLh
170,2017-08-08,08:04:28.670000,36.9873,27.5813,13800.0,3.0,MLh
171,2017-08-11,08:05:12.950000,36.9998,27.531,9100.0,2.6,MLh
172,2017-09-09,08:09:26.361511,36.92871094,27.37792969,13634.76562,3.178863631,MLh
173,2017-07-28,08:10:05.810000,36.9563,27.3383,13600.0,2.8,MLh
174,2017-08-09,08:13:38.841261,36.98730469,27.52441406,16995.44271,3.010611503,MLh
175,2017-07-21,08:28:29.300000,36.9608,27.3258,12700.0,3.0,MLh
176,2017-07-25,08:34:00.210000,36.9637,27.5005,13600.0,3.1,MLh
177,2017-07-21,08:34:02.110000,36.9542,27.528,7900.0,3.4,MLh
178,2017-08-08,08:36:43.760000,36.9972,27.5825,13400.0,3.4,MLh
179,2014-03-27,08:44:23.090000,36.912,27.2678,22400.0,2.4,MLh
180,2017-09-03,08:56:05.920000,36.9508,27.3913,9400.0,3.8,MLh
181,2017-10-16,08:57:47.747186,36.97265625,27.59765625,18065.10417,3.052777752,MLh
182,2017-09-28,08:58:39.204163,36.95800781,27.46582031,13483.72396,3.275407624,MLh
183,2017-07-21,08:58:40.510000,36.9717,27.4995,7300.0,3.4,MLh
184,2017-08-01,09:01:28.420000,36.979,27.5465,13100.0,3.4,MLh
185,2017-08-10,09:02:46.976751,36.98730469,27.40722656,32495.44271,3.214029047,MLh
186,2018-02-10,09:07:19.200000,36.9662,27.3783,14500.0,2.7,MLh
187,2017-08-01,09:10:10.089463,36.94885254,27.42736816,19741.7806,3.059499351,MLh
188,2017-07-26,09:11:40.280000,36.9455,27.4087,11400.0,3.1,MLh
189,2017-07-22,09:15:33.160000,36.9297,27.4093,9700.0,3.4,MLh
190,2018-02-04,09:17:47.170000,36.9222,27.5978,15200.0,2.9,MLh
191,2017-08-23,09:22:33.133681,36.98730469,27.43652344,19995.44271,3.056684005,MLh
192,2017-09-18,09:23:31.530000,36.9547,27.549,15400.0,2.7,MLh
193,2012-06-03,09:25:21.020000,36.9783,27.5847,29000.0,3.1,MLh
194,2016-11-11,09:29:40.770000,36.9895,27.3662,15000.0,2.6,MLh
195,2018-01-05,09:34:52.550000,36.9058,27.2128,12900.0,2.9,MLh
196,2017-10-24,09:36:24.790000,36.9505,27.4208,10700.0,4.5,MLh
197,2012-06-16,09:37:48.120000,36.9778,27.5503,28300.0,3.2,MLh
198,2017-07-25,09:39:05.330000,36.9592,27.314,19900.0,2.7,MLh
199,2017-07-29,09:42:59.070000,36.946,27.4035,9000.0,3.2,MLh
200,2013-10-24,09:44:15.190000,36.8183,27.4563,27500.0,2.6,MLh
201,2017-07-27,09:47:17.330000,36.9013,27.4577,11600.0,3.1,MLh
202,2014-08-13,09:48:04.130000,36.9835,27.353,28700.0,2.9,MLh
203,2011-06-25,09:54:31.040000,36.9603,27.3878,26900.0,2.7,MLh
204,2017-08-10,09:56:11.537771,36.89941406,27.31933594,20910.80729,2.931997393,MLh
205,2017-07-29,09:57:04.550000,36.95,27.5385,9200.0,2.9,MLh
206,2017-12-15,10:11:27.680000,36.9355,27.2217,13000.0,2.7,MLh
207,2012-04-19,10:13:13.670000,36.8097,27.4533,23900.0,3.0,MLh
208,2017-07-26,10:18:25.555892,36.93969727,27.38891602,9416.178385,2.387117229,MLh
209,2017-07-21,10:20:42.660000,36.909,27.5992,13000.0,3.5,MLh
210,2017-07-24,10:28:08.450000,36.9633,27.558,13000.0,3.3,MLh
211,2016-10-10,10:29:21.860000,36.816,27.4603,14200.0,2.5,MLh
212,2014-05-19,10:29:51.480000,36.9887,27.422,39100.0,2.3,MLh
213,2016-09-09,10:45:09.910000,36.8768,27.4822,52000.0,3.0,MLh
214,2017-07-21,10:45:17.760879,36.89941406,27.52441406,17600.91146,3.412850651,MLh
215,2018-04-24,10:53:50.980000,36.961,27.538,19300.0,2.2,MLh
216,2017-07-23,10:55:34.920000,36.9465,27.5945,11900.0,3.1,MLh
217,2017-09-26,10:58:15.007494,36.94335938,27.39257812,18186.19792,2.897146522,MLh
218,2017-10-24,11:00:01.030000,36.9702,27.4158,11000.0,3.3,MLh
219,2017-08-09,11:00:58.784836,36.98730469,27.55371094,29992.83854,2.762381068,MLh
220,2017-07-22,11:01:48.810000,36.9045,27.5937,10300.0,3.3,MLh
221,2017-07-30,11:02:22.190000,36.9807,27.5708,10000.0,2.8,MLh
222,2017-07-21,11:06:40.509349,36.95800781,27.52441406,14977.21354,3.278222727,MLh
223,2017-07-28,11:22:05.368058,36.89941406,27.40722656,15572.26562,2.735878703,MLh
224,2017-07-22,11:22:23.720000,36.9763,27.3752,14600.0,3.0,MLh
225,2018-04-14,11:24:11.190000,36.9547,27.5763,13600.0,2.7,MLh
226,2012-03-31,11:24:52.860000,36.877,27.3328,31900.0,2.2,MLh
227,2012-08-11,11:26:00.510000,36.85,27.5422,28900.0,2.8,MLh
228,2012-03-22,11:28:53.580000,36.9027,27.3762,26800.0,2.9,MLh
229,2017-07-23,11:38:16.950000,36.9307,27.5455,9900.0,3.3,MLh
230,2015-05-29,11:43:39.840000,36.8737,27.556,42400.0,3.3,MLh
231,2012-05-16,11:44:23.420000,36.8472,27.4953,29800.0,3.5,MLh
232,2012-05-16,11:49:12.110000,36.8488,27.5658,27700.0,2.6,MLh
233,2012-05-16,11:56:00.680000,36.8102,27.5475,35200.0,2.9,MLh
234,2017-07-25,11:58:03.600000,36.9278,27.5442,11200.0,3.0,MLh
235,2012-06-16,12:00:58.150000,36.9847,27.599,28500.0,3.3,MLh
236,2017-07-21,12:01:45.466902,36.98730469,27.43652344,17520.18229,3.486670937,MLh
237,2017-07-21,12:05:25.680000,36.9208,27.5723,13200.0,3.5,MLh
238,2017-07-23,12:07:37.470000,36.971,27.3827,11500.0,2.8,MLh
239,2012-01-04,12:09:34.020000,36.9095,27.5005,30200.0,2.8,MLh
240,2012-05-16,12:11:25.410000,36.8503,27.5573,30200.0,2.6,MLh
241,2017-07-22,12:13:48.270000,36.9637,27.4203,12200.0,3.0,MLh
242,2018-04-20,12:14:22.360000,36.9642,27.38,11300.0,3.1,MLh
243,2017-07-29,12:15:47.140000,36.9372,27.5687,13500.0,2.7,MLh
244,2014-05-19,12:16:32.190000,36.9665,27.3445,25700.0,2.1,MLh
245,2018-04-20,12:20:11.070000,36.9463,27.3743,7100.0,3.6,MLh
246,2012-10-01,12:22:16.210000,36.8248,27.4415,31200.0,2.6,MLh
247,2017-08-10,12:24:28.730000,36.9978,27.5872,7200.0,3.3,MLh
248,2017-07-21,12:28:00.446105,36.89941406,27.34863281,15623.04688,3.339067833,MLh
249,2012-05-16,12:29:42.020000,36.8505,27.5847,27000.0,2.4,MLh
250,2017-11-14,12:32:08.253383,36.89941406,27.58300781,32979.81771,3.023017834,MLh
251,2017-07-27,12:32:22.880000,36.9222,27.5437,12400.0,3.1,MLh
252,2017-08-05,12:39:38.220000,36.9003,27.3548,15800.0,2.6,MLh
253,2012-05-21,12:45:15.250000,36.972,27.5618,30700.0,3.1,MLh
254,2017-08-18,12:47:34.570000,36.8897,27.5702,18300.0,3.9,MLh
255,2017-07-21,12:48:47.640000,36.9648,27.5982,13600.0,3.1,MLh
256,2017-07-27,12:50:02.460000,36.89,27.4275,16600.0,3.0,MLh
257,2017-07-22,12:52:32.390000,36.9463,27.3615,11600.0,2.9,MLh
258,2017-07-23,13:01:05.350000,36.9378,27.3897,11500.0,3.1,MLh
259,2017-07-22,13:04:08.600000,36.9082,27.3642,11800.0,3.0,MLh
260,2018-04-16,13:09:56.070000,36.9463,27.329,10900.0,2.6,MLh
261,2017-09-10,13:10:06.250000,36.8615,27.3167,14100.0,2.4,MLh
262,2017-08-03,13:17:56.152641,36.94335938,27.56835938,16410.15625,3.606935223,MLh
263,2014-08-15,13:19:31.940000,36.9628,27.3132,29000.0,2.6,MLh
264,2017-07-22,13:20:05.870000,36.9695,27.5693,7800.0,3.4,MLh
265,2017-08-21,13:30:34.710000,36.9148,27.5603,12100.0,2.8,MLh
266,2013-09-25,13:37:32.550000,36.8243,27.4485,20800.0,2.2,MLh
267,2017-07-24,13:39:28.130000,36.9425,27.5358,12300.0,3.4,MLh
268,2017-07-21,13:42:10.222095,36.97265625,27.36328125,13382.8125,3.275126722,MLh
269,2014-04-07,13:42:53.880000,36.9867,27.3987,26700.0,2.6,MLh
270,2018-02-02,13:59:09.020000,36.9917,27.5195,12800.0,3.0,MLh
271,2013-11-21,13:59:25.670000,36.8153,27.4048,28400.0,2.8,MLh
272,2018-02-04,13:59:38.580000,36.9123,27.3997,16400.0,2.7,MLh
273,2017-08-01,14:03:48.310000,36.9583,27.3843,8400.0,3.7,MLh
274,2017-07-22,14:03:58.770000,36.8907,27.5322,7200.0,3.1,MLh
275,2017-10-18,14:08:23.150000,36.8603,27.3087,17300.0,2.7,MLh
276,2017-08-22,14:13:56.210000,36.963,27.4008,8500.0,2.8,MLh
277,2017-07-21,14:14:33.577866,36.98730469,27.34863281,14815.75521,3.039895846,MLh
278,2017-07-24,14:14:41.430000,36.9417,27.533,13500.0,2.7,MLh
279,2017-07-21,14:21:57.610000,36.974,27.5318,9600.0,3.6,MLh
280,2017-07-28,14:27:39.570000,36.897,27.5358,11100.0,3.0,MLh
281,2017-08-20,14:35:22.340000,36.9613,27.2645,13400.0,3.1,MLh
282,2017-12-24,14:35:27.570000,36.931,27.554,10700.0,3.1,MLh
283,2017-10-07,14:35:47.390000,36.9218,27.3652,13900.0,3.1,MLh
284,2017-07-24,14:35:49.840000,36.8923,27.5812,17900.0,2.9,MLh
285,2017-07-27,14:36:01.200000,36.9522,27.573,9600.0,2.8,MLh
286,2017-07-28,14:37:39.430000,36.9577,27.4052,12600.0,2.9,MLh
287,2017-07-21,14:38:31,36.9517,27.5335,13400.0,3.0,MLh
288,2012-06-03,14:43:17.100000,36.9775,27.5012,32500.0,2.2,MLh
289,2014-04-10,14:48:03.780000,36.9852,27.3873,24100.0,3.1,MLh
290,2017-07-21,14:54:32.720000,36.9392,27.4125,14000.0,2.8,MLh
291,2013-07-03,14:55:09.280000,36.824,27.4248,29700.0,3.2,MLh
292,2015-05-29,14:55:31.180000,36.807,27.508,45600.0,3.0,MLh
293,2017-07-28,15:01:21.100000,36.865,27.4948,17900.0,2.9,MLh
294,2017-11-11,15:05:35.240000,36.8975,27.5965,14500.0,2.8,MLh
295,2017-07-23,15:11:28,36.8863,27.3353,12900.0,2.9,MLh
296,2017-08-05,15:15:21.188393,36.94335938,27.33398438,25694.01042,2.761238523,MLh
297,2017-08-04,15:19:47.389600,36.92871094,27.52441406,18004.55729,2.983057435,MLh
298,2011-05-08,15:24:03.140000,36.8233,27.5092,32500.0,2.8,MLh
299,2014-08-13,15:26:00.800000,36.9882,27.5677,20300.0,2.7,MLh
300,2017-07-21,15:32:50.120000,36.9423,27.283,21500.0,2.9,MLh
301,2017-10-29,15:38:14.840000,36.9592,27.315,12900.0,3.2,MLh
302,2017-07-21,15:41:11.580000,36.9395,27.3278,9400.0,3.2,MLh
303,2013-11-19,15:46:52.630000,36.881,27.5415,31300.0,2.6,MLh
304,2011-12-31,16:00:14.410000,36.9952,27.427,29600.0,3.2,MLh
305,2017-09-11,16:04:05.320000,36.9417,27.5837,13700.0,2.8,MLh
306,2011-12-27,16:13:00.270000,36.9988,27.4093,29400.0,3.0,MLh
307,2012-05-16,16:19:03.730000,36.8308,27.5663,29300.0,2.7,MLh
308,2012-05-16,16:25:01.930000,36.8562,27.5633,27300.0,2.7,MLh
309,2017-09-04,16:30:38.920000,36.857,27.3845,21000.0,2.5,MLh
310,2011-05-08,16:35:26.110000,36.8562,27.5562,28100.0,2.6,MLh
311,2015-05-29,16:37:28.080000,36.8448,27.4908,47400.0,3.3,MLh
312,2012-06-04,16:37:41.090000,36.9923,27.5438,29900.0,2.3,MLh
313,2014-04-17,16:38:07.890000,36.9972,27.4135,30200.0,3.3,MLh
314,2016-06-02,16:43:38.520000,36.8357,27.233,35600.0,2.6,MLh
315,2014-08-17,16:53:54.640000,36.965,27.3307,28500.0,2.9,MLh
316,2017-07-21,16:55:25.930000,36.9728,27.3532,13600.0,3.6,MLh
317,2017-08-09,16:55:49.436254,36.92871094,27.49511719,22646.48438,3.702996485,MLh
318,2017-09-24,16:57:17.090000,36.931,27.3285,11900.0,4.5,MLh
319,2017-07-31,16:57:55.140000,36.9002,27.5913,9400.0,3.2,MLh
320,2011-05-08,17:00:56.530000,36.8732,27.5443,30100.0,2.9,MLh
321,2017-07-26,17:01:29.930000,36.8492,27.4885,13900.0,2.8,MLh
322,2013-01-22,17:02:45.850000,36.8022,27.3548,28700.0,2.9,MLh
323,2017-09-24,17:04:54.790000,36.9583,27.331,13100.0,2.6,MLh
324,2015-05-25,17:05:11.780000,36.8587,27.5072,38900.0,3.8,MLh
325,2017-07-22,17:09:21.990000,36.952,27.3735,13000.0,4.6,MLh
326,2017-07-21,17:09:50.940000,36.89,27.3152,23100.0,4.8,MLh
327,2017-05-22,17:11:31.790000,36.9795,27.3833,9100.0,2.9,MLh
328,2017-09-24,17:19:07.800000,36.969,27.334,10000.0,2.9,MLh
329,2017-07-21,17:19:48.510000,36.935,27.377,12200.0,3.5,MLh
330,2018-02-02,17:20:34.780000,36.958,27.539,12900.0,2.9,MLh
331,2015-05-30,17:23:50.300000,36.8702,27.5878,47600.0,2.7,MLh
332,2017-07-24,17:24:57.280000,36.9765,27.508,14700.0,3.0,MLh
333,2017-07-21,17:28:29.310000,36.9403,27.3338,12400.0,3.8,MLh
334,2017-07-21,17:45:21.550000,36.963,27.5865,13300.0,3.4,MLh
335,2014-02-19,17:52:14.260000,36.8112,27.3988,26900.0,2.6,MLh
336,2018-05-04,17:52:31.020000,36.9108,27.5483,13600.0,3.2,MLh
337,2017-08-08,17:59:02.460000,36.9657,27.5832,21400.0,3.1,MLh
338,2017-08-10,18:02:10.570000,36.882,27.237,20100.0,2.6,MLh
339,2017-07-23,18:02:35.140000,36.9668,27.3902,15100.0,3.5,MLh
340,2013-07-03,18:12:46.200000,36.8367,27.4702,26600.0,2.9,MLh
341,2012-06-12,18:19:13.940000,36.9515,27.4855,37200.0,2.4,MLh
342,2011-07-05,18:30:58.430000,36.997,27.4003,30900.0,2.2,MLh
343,2012-08-24,18:42:38.560000,36.8037,27.5655,23200.0,2.3,MLh
344,2017-07-27,18:49:11.920000,36.9323,27.5693,14300.0,3.4,MLh
345,2017-09-01,18:51:20.850000,36.8873,27.4298,19900.0,2.7,MLh
346,2011-06-30,18:52:20.860000,36.9583,27.3465,29500.0,2.4,MLh
347,2017-08-05,18:53:39.342306,36.94335938,27.56835938,32959.63542,2.782656991,MLh
348,2013-09-24,18:54:59.820000,36.8317,27.424,26000.0,3.6,MLh
349,2017-07-30,18:56:33.389175,36.95159912,27.51800537,29981.81152,2.832541094,MLh
350,2015-05-25,19:01:49.110000,36.9037,27.4618,38800.0,2.5,MLh
351,2017-08-21,19:03:06.080000,36.8775,27.3425,12200.0,3.1,MLh
352,2017-08-04,19:04:01.302276,36.94335938,27.50976562,17136.71875,2.857618777,MLh
353,2012-02-12,19:04:52.140000,36.824,27.3863,28100.0,2.8,MLh
354,2014-10-06,19:05:28.340000,36.94,27.2745,22400.0,2.0,MLh
355,2012-05-16,19:08:49.070000,36.8382,27.5143,29800.0,2.2,MLh
356,2014-03-27,19:10:22.010000,36.98,27.4133,33900.0,3.0,MLh
357,2015-05-29,19:12:04.230000,36.8387,27.53,38000.0,2.9,MLh
358,2017-07-24,19:12:18.910000,36.9308,27.5878,11500.0,3.1,MLh
359,2012-06-03,19:17:02.420000,36.9702,27.5262,31800.0,2.4,MLh
360,2012-02-12,19:17:32.710000,36.8192,27.3978,27500.0,3.8,MLh
361,2017-07-27,19:20:54.201928,36.80877686,27.33856201,19998.49447,2.778504829,MLh
362,2012-05-24,19:23:15.630000,36.9692,27.5215,25000.0,2.8,MLh
363,2014-03-26,19:30:39.110000,36.989,27.4102,27700.0,2.5,MLh
364,2017-08-18,19:30:42.300000,36.9417,27.2883,20700.0,2.4,MLh
365,2018-01-06,19:32:39.220000,36.9702,27.3743,11700.0,2.1,MLh
366,2016-10-21,19:41:17.020000,36.992,27.2857,56500.0,2.7,MLh
367,2017-10-27,19:42:08.253581,36.89941406,27.31933594,17722.00521,2.592923101,MLh
368,2017-07-24,19:44:05,36.9372,27.3408,12600.0,2.7,MLh
369,2017-09-26,19:46:06.140000,36.8823,27.399,12600.0,2.4,MLh
370,2017-10-10,19:59:25.290000,36.9535,27.3757,9200.0,4.2,MLh
371,2017-07-21,20:09:06.130000,36.9365,27.5502,12500.0,3.2,MLh
372,2013-10-25,20:10:23.520000,36.812,27.3907,27600.0,2.8,MLh
373,2017-08-05,20:12:18.680000,36.9753,27.5678,15800.0,2.0,MLh
374,2012-11-01,20:15:40.910000,36.9822,27.467,34000.0,2.6,MLh
375,2016-11-18,20:21:33.710000,36.9853,27.4347,17000.0,1.9,MLh
376,2017-08-26,20:25:29.940000,36.9323,27.3208,9200.0,2.6,MLh
377,2017-07-22,20:25:37.670000,36.9883,27.4028,13500.0,2.7,MLh
378,2018-03-22,20:27:40.490000,36.9528,27.313,13500.0,3.0,MLh
379,2017-07-22,20:33:46.990000,36.8872,27.5545,13200.0,2.7,MLh
380,2012-05-15,20:34:46.130000,36.8065,27.376,27100.0,3.2,MLh
381,2017-07-21,20:38:07.905790,36.86462402,27.57019043,30010.33529,2.762319395,MLh
382,2012-06-08,20:38:49.300000,36.9992,27.5698,26200.0,2.4,MLh
383,2017-07-21,20:41:35.964187,36.98730469,27.55371094,14977.21354,2.697439254,MLh
384,2014-03-28,20:42:01.970000,36.9943,27.4462,29400.0,2.5,MLh
385,2014-08-11,20:43:07.240000,36.9892,27.3553,24500.0,2.8,MLh
386,2012-04-16,20:45:32.480000,36.8108,27.4835,32200.0,2.3,MLh
387,2017-08-14,20:51:28.130000,36.933,27.5817,12700.0,3.1,MLh
388,2017-08-10,20:51:51.810000,36.9068,27.534,13700.0,2.7,MLh
389,2017-11-12,20:52:51.940000,36.8477,27.32,14700.0,3.0,MLh
390,2017-07-22,20:55:55.020000,36.9402,27.3713,12100.0,2.8,MLh
391,2017-08-11,20:57:16.240000,36.9923,27.5858,16100.0,2.8,MLh
392,2014-04-19,21:10:50.610000,36.9838,27.4173,19400.0,2.4,MLh
393,2017-09-20,21:12:54.638246,36.9296875,27.3359375,14738.28125,2.636357014,MLh
394,2012-05-20,21:15:13.540000,36.9897,27.5718,28300.0,2.6,MLh
395,2017-11-22,21:19:17.570000,36.968,27.3243,11000.0,2.3,MLh
396,2017-08-07,21:19:18.141891,36.95800781,27.49511719,32455.07813,2.431721824,MLh
397,2018-01-02,21:23:29.080000,36.9252,27.3585,13800.0,3.3,MLh
398,2017-08-26,21:23:35.705147,36.98272705,27.57110596,11270.22298,3.346189619,MLh
399,2012-09-28,21:28:47.300000,36.8222,27.4453,29800.0,2.0,MLh
400,2017-07-30,21:30:19.010000,36.9163,27.3045,10500.0,2.5,MLh
401,2018-01-13,21:31:16.160000,36.9695,27.5623,11200.0,3.6,MLh
402,2018-02-18,21:32:24.250000,36.9702,27.4198,10000.0,2.6,MLh
403,2017-08-03,21:34:16.295072,36.96075439,27.48138428,10015.17741,3.166905397,MLh
404,2018-01-28,21:35:01.560000,36.9443,27.3663,11700.0,2.9,MLh
405,2017-07-25,21:35:44.660000,36.927,27.3462,12900.0,2.4,MLh
406,2016-08-13,21:38:03.620000,36.9723,27.3827,33700.0,3.4,MLh
407,2013-04-24,21:39:46.760000,36.9453,27.2128,33600.0,2.9,MLh
408,2014-03-26,21:45:11.120000,36.9495,27.3533,21000.0,2.3,MLh
409,2017-07-24,21:48:49.330000,36.9525,27.5657,10600.0,3.8,MLh
410,2017-08-04,21:49:53.015017,36.92871094,27.31933594,16833.98438,2.529430533,MLh
411,2011-06-24,21:50:47.700000,36.9975,27.4093,28900.0,2.7,MLh
412,2017-11-14,21:54:52.475837,36.85546875,27.48046875,28398.4375,2.49166402,MLh
413,2017-08-20,21:55:30.196408,36.86853409,27.57831192,27608.03986,2.996367655,MLh
414,2017-09-21,21:57:51.280000,36.9662,27.4407,12300.0,2.9,MLh
415,2017-07-20,22:10:01.978543,36.92871094,27.46582031,20022.78646,2.832860054,MLh
416,2017-09-16,22:11:21.341161,36.9140625,27.5859375,15712.23958,2.444936809,MLh
417,2017-08-18,22:13:11.570000,36.8953,27.5963,13800.0,3.0,MLh
418,2017-08-07,22:16:39.923513,36.98730469,27.55371094,28983.72396,2.721403722,MLh
419,2017-09-15,22:19:22.968900,36.9765625,27.5859375,18490.88542,2.885358398,MLh
420,2014-08-10,22:19:28.090000,36.996,27.3623,29800.0,2.6,MLh
421,2017-07-29,22:25:39.840000,36.8958,27.3332,14800.0,3.4,MLh
422,2017-07-23,22:26:13.780000,36.9408,27.3578,16900.0,2.6,MLh
423,2012-05-21,22:26:23.660000,36.9788,27.5752,32200.0,2.3,MLh
424,2017-08-03,22:27:26.942399,36.97265625,27.59765625,32757.8125,2.796984107,MLh
425,2017-07-20,22:31:11.710000,36.9643,27.4332,10200.0,6.2,MLh
426,2017-07-21,22:31:42.630000,36.9337,27.3397,15800.0,3.0,MLh
427,2017-08-24,22:33:27.030000,36.9042,27.3728,10800.0,2.9,MLh
428,2014-03-28,22:33:31.960000,36.9862,27.3648,25000.0,2.6,MLh
429,2017-07-24,22:34:44.410000,36.9468,27.5987,7500.0,3.4,MLh
430,2017-10-23,22:39:05.070000,36.9332,27.5283,22400.0,2.9,MLh
431,2012-06-23,22:39:21.880000,36.8167,27.358,25600.0,3.4,MLh
432,2017-10-06,22:41:46.933841,36.88751221,27.51434326,15719.93001,2.8615312,MLh
433,2017-07-24,22:42:18.140000,36.9877,27.5148,11900.0,2.5,MLh
434,2017-07-29,22:43:30.930000,36.915,27.3372,11800.0,3.1,MLh
435,2017-08-05,22:43:33.450000,36.9587,27.374,11700.0,2.7,MLh
436,2017-07-26,22:45:35.690000,36.9162,27.3545,8400.0,3.1,MLh
437,2018-01-30,22:48:16.060000,36.8818,27.5838,14300.0,2.2,MLh
438,2017-07-20,22:48:29.130000,36.9822,27.3815,4800.0,3.5,MLh
439,2012-12-21,22:48:38.100000,36.8125,27.4145,27600.0,3.6,MLh
440,2017-07-20,22:50:45.820000,36.9218,27.5782,10300.0,3.8,MLh
441,2017-07-20,22:52:59.510000,36.9618,27.4247,8000.0,4.4,MLh
442,2012-01-02,22:55:17.750000,36.9962,27.4197,28400.0,3.2,MLh
443,2017-07-25,22:56:18.820000,36.9522,27.5753,11900.0,2.5,MLh
444,2017-08-09,22:56:21.006521,36.98730469,27.58300781,20870.44271,3.928806337,MLh
445,2017-07-20,23:00:45.430000,36.9835,27.4568,7300.0,4.0,MLh
446,2017-07-21,23:00:48.810000,36.9752,27.5775,5800.0,3.5,MLh
447,2017-07-20,23:07:26.510000,36.8918,27.5747,5300.0,3.5,MLh
448,2012-06-28,23:08:44.430000,36.9633,27.5592,28000.0,2.8,MLh
449,2017-07-29,23:08:44.730000,36.885,27.3203,17400.0,3.6,MLh
450,2016-05-11,23:14:26.680000,36.9797,27.5843,15100.0,2.2,MLh
451,2017-07-25,23:22:42.653100,36.96716309,27.5958252,12553.79232,3.005735003,MLh
452,2017-08-07,23:23:24.497641,36.95800781,27.49511719,21839.19271,2.607825438,MLh
453,2017-07-20,23:23:52.630000,36.9552,27.3952,10200.0,4.3,MLh
454,2018-02-01,23:25:11.600000,36.9228,27.5177,22600.0,2.5,MLh
455,2017-09-07,23:33:38.470000,36.9078,27.5647,13900.0,1.5,MLh
456,2017-08-08,23:34:28.883186,36.92871094,27.46582031,21556.64062,3.082881547,MLh
457,2017-09-07,23:40:18.733590,36.87011719,27.29003906,17735.02604,2.478783237,MLh
458,2017-07-20,23:45:08.540000,36.9733,27.4228,15400.0,3.9,MLh
459,2017-09-14,23:46:02.982268,36.92230225,27.35321045,13323.93392,2.637084539,MLh
460,2017-07-24,23:47:25.910000,36.9557,27.359,15000.0,2.3,MLh
461,2017-07-20,23:50:16.970000,36.9428,27.4405,13500.0,3.9,MLh
462,2018-02-06,23:50:32.370000,36.9333,27.3638,14600.0,2.1,MLh
463,2017-12-24,23:51:42.070000,36.9472,27.3658,13000.0,2.6,MLh
464,2017-08-01,23:52:20.343055,36.98730469,27.52441406,15832.68229,3.074530013,MLh
465,2017-08-18,23:52:38.560000,36.9418,27.3317,14800.0,2.7,MLh
466,2017-07-20,23:53:39.602689,36.97265625,27.59765625,12091.14583,3.942033336,MLh
467,2017-07-29,23:58:31.470000,36.9642,27.5733,11200.0,2.6,MLh
